epoch;accuracy;loss;val_accuracy;val_loss
0;0.4586666524410248;1.8216356039047241;0.7565789222717285;1.2247765064239502
1;0.753333330154419;1.055373191833496;0.8240131735801697;0.8195869326591492
2;0.8320000171661377;0.775258481502533;0.8486841917037964;0.6813183426856995
3;0.8613333106040955;0.6334654688835144;0.8470394611358643;0.5981579422950745
4;0.8866666555404663;0.5508552193641663;0.8634868264198303;0.556188702583313
